-- phpMyAdmin SQL Dump
-- version 5.2.0
-- https://www.phpmyadmin.net/
--
-- Host: 127.0.0.1
-- Generation Time: Oct 21, 2022 at 10:40 AM
-- Server version: 10.4.24-MariaDB
-- PHP Version: 7.4.29

SET SQL_MODE = "NO_AUTO_VALUE_ON_ZERO";
START TRANSACTION;
SET time_zone = "+00:00";


/*!40101 SET @OLD_CHARACTER_SET_CLIENT=@@CHARACTER_SET_CLIENT */;
/*!40101 SET @OLD_CHARACTER_SET_RESULTS=@@CHARACTER_SET_RESULTS */;
/*!40101 SET @OLD_COLLATION_CONNECTION=@@COLLATION_CONNECTION */;
/*!40101 SET NAMES utf8mb4 */;

--
-- Database: `test`
--

-- --------------------------------------------------------

--
-- Table structure for table `krs`
--

CREATE TABLE `krs` (
  `kode_krs` varchar(15) NOT NULL,
  `StudentID` varchar(10) NOT NULL,
  `kode_term` varchar(4) NOT NULL,
  `keterangan` text NOT NULL
) ENGINE=InnoDB DEFAULT CHARSET=utf8mb4;

--
-- Dumping data for table `krs`
--

INSERT INTO `krs` (`kode_krs`, `StudentID`, `kode_term`, `keterangan`) VALUES
('100000001', '100000001', '1212', ''),
('100000002', '100000001', '1213', ''),
('100000003', '100000002', '1212', ''),
('100000004', '100000002', '1213', '');

-- --------------------------------------------------------

--
-- Table structure for table `krs_detail`
--

CREATE TABLE `krs_detail` (
  `kode_krsdetail` varchar(15) NOT NULL,
  `kode_krs` varchar(15) NOT NULL,
  `kode_matakuliah` varchar(6) NOT NULL
) ENGINE=InnoDB DEFAULT CHARSET=utf8mb4;

--
-- Dumping data for table `krs_detail`
--

INSERT INTO `krs_detail` (`kode_krsdetail`, `kode_krs`, `kode_matakuliah`) VALUES
('10000000101', '100000001', '2765'),
('10000000102', '100000001', '2793'),
('10000000201', '100000002', '2510'),
('10000000202', '100000002', '2759'),
('10000000301', '100000003', '2550'),
('10000000302', '100000003', '2538');

-- --------------------------------------------------------

--
-- Table structure for table `mahasiswa`
--

CREATE TABLE `mahasiswa` (
  `StudentID` int(20) NOT NULL,
  `Nama` varchar(50) NOT NULL,
  `Jurusan` varchar(30) NOT NULL,
  `Tahun_masuk` varchar(4) NOT NULL
) ENGINE=InnoDB DEFAULT CHARSET=utf8mb4;

--
-- Dumping data for table `mahasiswa`
--

INSERT INTO `mahasiswa` (`StudentID`, `Nama`, `Jurusan`, `Tahun_masuk`) VALUES
(308120001, 'Erica Gracia', 'Sistem Infromasi', '2020');

-- --------------------------------------------------------

--
-- Table structure for table `matakuliah`
--

CREATE TABLE `matakuliah` (
  `id_matakuliah` int(11) NOT NULL,
  `kode_matakuliah` varchar(6) NOT NULL,
  `nama_matakuliah` varchar(50) NOT NULL,
  `sks` int(11) NOT NULL
) ENGINE=InnoDB DEFAULT CHARSET=utf8mb4;

--
-- Dumping data for table `matakuliah`
--

INSERT INTO `matakuliah` (`id_matakuliah`, `kode_matakuliah`, `nama_matakuliah`, `sks`) VALUES
(1, '2765', 'BUSINESS APPLICATION PROGRAMMING', 4),
(2, '2793', 'AUDIT DAN KONTROL SISTEM INFROMASI', 4),
(3, '2510', 'Dasar Manajemen Keuangan Perusahaan', 3),
(4, '2759', 'DIGITAL MARKETING', 3),
(5, '2550', 'SISTEM INFORMASI PERUSAHAAN ', 3),
(6, '2538', 'MANAJEMEN STRATEGI PERUSAHAAN', 3);

-- --------------------------------------------------------

--
-- Table structure for table `term`
--

CREATE TABLE `term` (
  `kode_term` varchar(4) NOT NULL,
  `tahun_ajar` varchar(4) NOT NULL,
  `semester` varchar(10) NOT NULL,
  `keterangan` text NOT NULL
) ENGINE=InnoDB DEFAULT CHARSET=utf8mb4;

--
-- Dumping data for table `term`
--

INSERT INTO `term` (`kode_term`, `tahun_ajar`, `semester`, `keterangan`) VALUES
('1212', '2020', 'GANJIL', ''),
('1213', '2020', 'GENAP', '');

-- --------------------------------------------------------

--
-- Table structure for table `user`
--

CREATE TABLE `user` (
  `id` int(10) NOT NULL,
  `Nama` int(11) NOT NULL,
  `studentID` int(20) NOT NULL,
  `Term` int(10) NOT NULL
) ENGINE=InnoDB DEFAULT CHARSET=latin1;

--
-- Indexes for dumped tables
--

--
-- Indexes for table `matakuliah`
--
ALTER TABLE `matakuliah`
  ADD PRIMARY KEY (`id_matakuliah`);

--
-- AUTO_INCREMENT for dumped tables
--

--
-- AUTO_INCREMENT for table `matakuliah`
--
ALTER TABLE `matakuliah`
  MODIFY `id_matakuliah` int(11) NOT NULL AUTO_INCREMENT, AUTO_INCREMENT=7;
COMMIT;

/*!40101 SET CHARACTER_SET_CLIENT=@OLD_CHARACTER_SET_CLIENT */;
/*!40101 SET CHARACTER_SET_RESULTS=@OLD_CHARACTER_SET_RESULTS */;
/*!40101 SET COLLATION_CONNECTION=@OLD_COLLATION_CONNECTION */;
